"Qty";"Value";"Device";"Package";"Parts";"Description";"";
"2";"0Ohm";"R-EU_R0402";"R0402";"R44, R45";"RESISTOR, European symbol";"";
"1";"1.13k";"R-EU_R0402";"R0402";"R46";"RESISTOR, European symbol";"";
"7";"100nF";"C-EUC0402";"C0402";"C1, C23, C39, C42, C49, C51, C57";"CAPACITOR, European symbol";"";
"2";"100uH";"WE-LQS_6028_74404063101";"WE-LQS_6028";"L1, L3";"WE-LQS SMD Power Inductor";"";
"9";"10k";"R-EU_R0402";"R0402";"R1, R31, R32, R33, R35, R40, R41, R42, R47";"RESISTOR, European symbol";"";
"2";"10nF";"C-EUC0402";"C0402";"C43, C44";"CAPACITOR, European symbol";"";
"3";"10uF";"C-EUC1206";"C1206";"C45, C46, C52";"CAPACITOR, European symbol";"";
"4";"1k";"R-EU_R0402";"R0402";"R2, R4, R5, R34";"RESISTOR, European symbol";"";
"3";"22uF 25V";"C-EUC0805";"C0805";"C2, C3, C4";"CAPACITOR, European symbol";"";
"1";"3.24k";"R-EU_R0402";"R0402";"R48";"RESISTOR, European symbol";"";
"12";"3128-1";"3128-10.6MM";"3128-1";"X6, X7, X8, X9, X10, X11, X12, X13, X14, X15, X16, X17";"3128-1";"";
"2";"53261-02";"53261-02";"53261-02";"X2, X3";"CONNECTOR";"";
"1";"53261-03";"53261-03";"53261-03";"X5";"CONNECTOR";"";
"1";"53261-06";"53261-06";"53261-06";"X4";"CONNECTOR";"";
"1";"533071071";"533071071SMD";"533071071";"X1";"533071071";"";
"1";"AMS1117-3.3";"AMS1117-3.3SOT-223";"SOT223";"U13";"AMS1117-3.3";"";
"1";"AO4292E";"NMOS-SO8";"SOIC127P600X175-8N";"Q1";"AO4292E";"";
"2";"ESD5Z3V3";"DIODE-SOD523";"SOD523";"D1, D2";"DIODE";"";
"2";"LM393DR2G";"LM393DR2GSOIC-8";"SOIC127P600X175-8N";"U9, U10";"LM393";"";
"2";"SK14";"DIODE-DO-214AC";"DO-214AC";"D7, D8";"DIODE";"";
"1";"TLP291";"TLP291SOP-4";"SOIC127P700X210-4N";"U6";"TLP291";"";
"2";"TPS5430";"TPS5430DDASO-8";"DDA8_3P1X2P4";"U11, U12";"TPS5430";"";
