"Qty";"Value";"Device";"Package";"Parts";"Description";"";
"1";"";"SN65HVD23X-Q1D0008A";"SOIC127P599X175-8N";"U3";"SN65HVD230DR";"";
"1";"";"STM32F405RGLQFP64";"QFP50P1200X1200X120-64";"U2";"STM32F405RGT6";"";
"16";"100nF";"C-EUC0402";"C0402";"C5, C13, C14, C15, C16, C19, C20, C21, C41, C56, C58, C59, C60, C61, C62, C66";"CAPACITOR, European symbol";"";
"4";"100nF";"C-EUC0603";"C0603";"C1, C2, C3, C4";"CAPACITOR, European symbol";"";
"4";"10Ohm";"R-EU_R0402";"R0402";"R12, R13, R14, R15";"RESISTOR, European symbol";"";
"12";"10k";"R-EU_R0402";"R0402";"R6, R7, R8, R9, R38, R43, R50, R51, R52, R53, R54, R55";"RESISTOR, European symbol";"";
"2";"10mOhm";"R-EU_R0805";"R0805";"R2, R3";"RESISTOR, European symbol";"";
"2";"10pF";"C-EUC0402";"C0402";"C50, C53";"CAPACITOR, European symbol";"";
"2";"10uF";"C-EUC1206";"C1206";"C17, C38";"CAPACITOR, European symbol";"";
"1";"1Ohm";"R-EU_R0402";"R0402";"R1";"RESISTOR, European symbol";"";
"5";"1k";"R-EU_R0402";"R0402";"R4, R5, R11, R16, R39";"RESISTOR, European symbol";"";
"7";"1uF";"C-EUC0402";"C0402";"C6, C7, C8, C9, C24, C35, C63";"CAPACITOR, European symbol";"";
"1";"1uF 25V";"C-EUC0402";"C0402";"C10";"CAPACITOR, European symbol";"";
"2";"2.2uF";"C-EUC0603";"C0603";"C22, C23";"CAPACITOR, European symbol";"";
"3";"22uF";"C-EUC0805";"C0805";"C11, C12, C18";"CAPACITOR, European symbol";"";
"1";"25MHz - X322516MLB4SI";"WE-XTAL_CFPX-180_830059800";"WE-XTAL_CFPX-180";"Y1";"WE-XTAL Quartz Crystal";"";
"12";"3128-1";"3128-10.6MM";"3128-1";"X2, X3, X4, X5, X6, X7, X8, X9, X11, X12, X13, X14";"3128-1";"";
"1";"36k";"R-EU_R0402";"R0402";"R10";"RESISTOR, European symbol";"";
"1";"4.7nF";"C-EUC0402";"C0402";"C40";"CAPACITOR, European symbol";"";
"1";"4.7uF";"C-EUC0402";"C0402";"C55";"CAPACITOR, European symbol";"";
"1";"524651071";"524651071SMD";"524651071";"X10";"524651071";"";
"2";"62R";"R-EU_R0603";"R0603";"R36, R37";"RESISTOR, European symbol";"";
"1";"DRV8412";"DRV8412DDW44";"SOP63P810X120-45T350X740N";"U1";"DRV8412";"";
"1";"ESD5Z3V3";"DIODE-SOD523";"SOD523";"D6";"DIODE";"";
"2";"INA199A1DCKR";"INA199SC70";"SOP65P210X110-6N";"U4, U5";"INA199";"";
"2";"LED_CHIP_GREEN-1608";"LED_CHIP_GREEN-1608";"LEDC1608X39N_G";"D7, D8";"LED - Generic";"";
"1";"LED_CHIP_ORANGE-1608";"LED_CHIP_GREEN-1608";"LEDC1608X39N_G";"D9";"LED - Generic";"";
"1";"LED_CHIP_RED-1608";"LED_CHIP_RED-1608";"LEDC1608X39N_R";"D2";"LED - Generic";"";
"4";"PESD24VS1UB";"DIODE-SOD523";"SOD523";"D1, D3, D4, D5";"DIODE";"";
"1";"SDM10U45-7";"DIODE-SOD523";"SOD523";"D11";"DIODE";"";
"2";"SN74LVC1G08";"SN74LVC1G08";"SOT95P240X110-5";"U7, U8";"SN74LVC1G08";"";
"1";"TC2030-NLTC2030-IDC-NL-FP";"TC2030-NLTC2030-IDC-NL-FP";"TC2030-NL";"X1";"";"";
